run,workflow,arm,repeat,stage,status,correct,total,elapsed_ms,requests,input,cache_read,output,jev_calls,jev_reason,jev_input,jev_output
outcome-1-main,outcome,main,1,1,completed,8,8,8117,2,2367,0,84,0,disabled,,
outcome-1-main,outcome,main,1,2,completed,8,8,7642,2,784,2560,84,0,disabled,,
outcome-1-main,outcome,main,1,3,completed,8,8,7713,2,728,3584,84,0,disabled,,
outcome-1-jev,outcome,jev,1,1,completed,8,8,12332,2,2168,0,84,1,none,2374,377
outcome-1-jev,outcome,jev,1,2,completed,8,8,8801,2,549,2176,84,1,none,2383,377
outcome-1-jev,outcome,jev,1,3,completed,8,8,7990,2,591,2688,84,1,none,2365,377
evidence-1-jev,evidence,jev,1,1,completed,8,8,8115,2,2154,0,88,1,none,2306,417
evidence-1-jev,evidence,jev,1,2,completed,8,8,8561,2,1716,1024,88,1,none,2291,417
evidence-1-jev,evidence,jev,1,3,completed,7,8,14271,2,636,2688,88,1,none,2316,418
evidence-1-main,evidence,main,1,1,completed,8,8,9637,2,2346,0,141,0,disabled,,
evidence-1-main,evidence,main,1,2,completed,8,8,11284,2,731,2688,130,0,disabled,,
evidence-1-main,evidence,main,1,3,completed,8,8,9785,2,2560,1920,142,0,disabled,,
outcome-2-jev,outcome,jev,2,1,completed,8,8,7993,2,2168,0,84,1,none,2374,377
outcome-2-jev,outcome,jev,2,2,completed,8,8,9462,2,1701,1024,84,1,none,2383,377
outcome-2-jev,outcome,jev,2,3,completed,8,8,8993,2,847,2432,84,1,none,2365,377
outcome-2-main,outcome,main,2,1,completed,8,8,10004,2,2367,0,134,0,disabled,,
outcome-2-main,outcome,main,2,2,completed,8,8,9699,2,2164,1280,129,0,disabled,,
outcome-2-main,outcome,main,2,3,completed,8,8,9227,2,1302,3200,154,0,disabled,,
evidence-2-main,evidence,main,2,1,completed,8,8,9306,2,2346,0,140,0,disabled,,
evidence-2-main,evidence,main,2,2,completed,8,8,8329,2,729,2688,130,0,disabled,,
evidence-2-main,evidence,main,2,3,completed,8,8,10423,2,4478,0,163,0,disabled,,
evidence-2-jev,evidence,jev,2,1,completed,8,8,8161,2,2156,0,88,1,none,2306,417
evidence-2-jev,evidence,jev,2,2,completed,8,8,9112,2,568,2176,88,1,none,2291,417
evidence-2-jev,evidence,jev,2,3,completed,7,8,8080,2,638,2688,88,1,none,2316,418
outcome-3-main,outcome,main,3,1,completed,8,8,8772,2,2367,0,137,0,disabled,,
outcome-3-main,outcome,main,3,2,completed,8,8,10424,2,2170,1280,116,0,disabled,,
outcome-3-main,outcome,main,3,3,completed,8,8,9302,2,1282,3200,111,0,disabled,,
outcome-3-jev,outcome,jev,3,1,completed,8,8,7362,2,2168,0,84,1,none,2374,377
outcome-3-jev,outcome,jev,3,2,completed,8,8,7638,2,549,2176,84,1,none,2383,377
outcome-3-jev,outcome,jev,3,3,completed,8,8,13130,2,589,2688,84,1,none,2365,377
evidence-3-jev,evidence,jev,3,1,completed,8,8,9614,2,2156,0,88,1,none,2306,417
evidence-3-jev,evidence,jev,3,2,completed,8,8,9258,2,566,2176,88,1,none,2291,417
evidence-3-jev,evidence,jev,3,3,completed,7,8,9771,2,2044,1280,88,1,none,2316,418
evidence-3-main,evidence,main,3,1,completed,8,8,12525,2,2346,0,147,0,disabled,,
evidence-3-main,evidence,main,3,2,completed,8,8,9993,2,2023,1408,147,0,disabled,,
evidence-3-main,evidence,main,3,3,completed,8,8,11559,2,1454,3072,163,0,disabled,,
